{
	"id":1,
	"name":"John Dear",
	"age":28,
	"address": 
	{"city": "Atlanta", "region": "Georgia", "street": "Lenorman", "country": "USA", "building": "103"}
}
{
	"id":2,
	"name":"Jeorge Michael",
	"age":54,
	"address": 
	{"city": "Athens", "region": "Athens", "street": "Penelope Rd", "country": "Greece", "building": "158/2"}
}
{
	"id":3,
	"name":"Immanuel Kant",
	"age":19,
	"address": 
	{"city": "Koln", "region": "Koln", "street": "Leipziger Pl", "country": "Germany", "building": "50733"}
}
{
	"id":4,
	"name":"Ian McKellen",
	"age":78,
	"address": 
	{"city": "Manchester", "region": "Manchester", "street": "Great Western St", "country": "Great Britain", "building": "584"}
}
{
	"id":5,
	"name":"John Smith",
	"age":41,
	"address": 
	{"city": "Edmonton", "region": "Alberta", "street": "Jasper Ave", "country": "Canada", "building": "102"}
}
