{
	"id":1,
	"name":"John Dear",
	"age":28,
	"address": 
	{	"country": "USA",	"region": "Georgia",	"city": "Atlanta",	"street": "Lenorman",	"building": "103"}
}
{
	"id":2,
	"name":"Jeorge Michael",
	"age":54,
	"address": 
	{	"country": "Greece",	"region": "Athens",	"city": "Athens",	"street": "Penelope Rd",	"building":"158/2"}
}
{
	"id":3,
	"name":"Immanuel Kant",
	"age":19,
	"address": 
	{	"country": "Germany",	"region": "Koln",	"city": "Koln",	"street": "Leipziger Pl",	"building":"50733"}
}
{
	"id":4,
	"name":"Ian McKellen",
	"age":78,
	"address": 
	{	"country": "Great Britain",	"region": "Manchester",	"city": "Manchester",	"street": "Great Western St",	"building": "584"}
}
{
	"id":5,
	"name":"John Smith",
	"age":41,
	"address": 
	{	"country": "Canada",	"region": "Alberta",	"city": "Edmonton",	"street": "Jasper Ave",	"building": "102"}
}
