id,name,age,address
1, John Dear,28,"{
	""country"": ""USA"",
	""region"": ""Georgia"",
	""city"": ""Atlanta"",
	""street"": ""Lenorman"",
	""building"": ""103""
}"
2, Jeorge Michael,54,"{
	""country"": ""Greece"",
	""region"": ""Athens"",
	""city"": ""Athens"",
	""street"": ""Penelope Rd"",
	""building"":""158/2""
}"
3, Immanuel Kant,19,"{
	""country"": ""Germany"",
	""region"": ""Koln"",
	""city"": ""Koln"",
	""street"": ""Leipziger Pl"",
	""building"":""50733""
}"
4, Ian McKellen,78,"{
	""country"": ""Great Britain"",
	""region"": ""Manchester"",
	""city"": ""Manchester"",
	""street"": ""Great Western St"",
	""building"": ""584""
}"
5, John Smith,41,"{
	""country"": ""Canada"",
	""region"": ""Alberta"",
	""city"": ""Edmonton"",
	""street"": ""Jasper Ave"",
	""building"": ""102""
}"